id_job,model
25664193915111,dimenet
42371679622969,schnet
64971010680493,conv
75737118513639,pna
68345852389234,dimenet
55635858367332,schnet
15609644815926,conv
32008563524845,dimenet
56507584426656,schnet
52703854959199,conv
71691477339197,pna
32653177354546,schnet
42311813318186,conv
49181431515766,dimenet
8077172482860,dimenet
17074009090739,schnet
19083621819542,schnet
48385059238517,conv
9710882611718,conv
755380356468,pna
92107869615073,pna
90213829584292,dimenet
82814355379096,dimenet
23666564800042,schnet
17006503729570,conv
87699715484680,dimenet
38618073631708,dimenet
90498223660526,dimenet
628722349496,dimenet
77916882997379,schnet
86613065988710,schnet
31859853985057,schnet
23778495814751,schnet
46276660003276,conv
3218783987468,conv
4970075358248,conv
63937018334140,conv
74002188121949,dimenet
45471558590649,dimenet
11053582990056,conv
15179646833041,conv
61218584439495,pna
61873202415488,pna
89222989818642,pna
76359738745125,pna
20169988895085,pna
91146905815332,dimenet
12240452667165,dimenet
32158733316117,conv
9002016628354,conv
42715219390883,dimenet
7346849778808,dimenet
81957028473790,dimenet
34227226372540,dimenet
81018946202369,dimenet
8227771720637,schnet
47493986755876,schnet
13138053704028,schnet
44366883012443,schnet
55722582867648,schnet
71369780233844,conv
91700240302434,conv
32249095466700,conv
62125685928952,conv
37981585217450,conv
90988247136930,pna
56873208958447,pna
36182023669935,pna
13037928135388,pna
17296238620342,pna
82396921435890,dimenet
138910797515,dimenet
25136828463581,dimenet
36442778948476,dimenet
91636488066408,dimenet
19335571136746,schnet
81070018040268,schnet
47125195606874,schnet
66924123836727,schnet
74627553693575,schnet
741295796350,conv
5774828082734,conv
27804537652393,conv
12259060320474,conv
56445763544776,conv
60929646260754,pna
20276904406848,pna
68382429293939,pna
14307000132792,pna
86021376763870,pna
9761351256032,dimenet
37425783630275,dimenet
5568431958164,dimenet
87963246825846,conv
75893069107267,conv
84670086588198,conv
25298935991038,pna
75592954051300,pna
86262036857151,pna
87872864828517,pna
21201596330943,pna
18203079158032,schnet
1454614744097,schnet
28007586953857,schnet
9950242205838,schnet
51742883005021,schnet
88197594960846,dimenet
80252560487278,dimenet
38136510743038,dimenet
25696168767828,schnet
45271786510094,schnet
17063430544464,schnet
66128261934918,conv
77129441811515,conv
58476744174890,conv
36230628475012,pna
92167129636887,pna
41324135643800,pna
47351030025678,dimenet
17987590095111,dimenet
48386861164437,schnet
69941359373272,conv
68630896130745,schnet
78789197713276,schnet
46848185150181,schnet
44736509525151,schnet
39511809026013,schnet
62871866762300,schnet
61641843005589,schnet
57013312967790,schnet
41285841957506,schnet
40349033486429,distilbert-base-uncased
39535003368636,bert-base-uncased
65168821881256,distilbert-base-uncased
76707991827317,distilbert-base-uncased
62900171019784,distilbert-base-uncased
89938441085340,distilbert-base-uncased
3054925459831,bert-base-uncased
45020219945736,bert-base-uncased
34630277120177,distilbert-base-uncased
55891569218458,bert-base-uncased
22575669986274,distilbert-base-uncased
69042905842343,distilbert-base-uncased
21661055327289,bert-base-uncased
77454151366411,distilbert-base-uncased
5441612378702,distilbert-base-uncased
54472992630115,bert-base-uncased
74575770081736,bert-base-uncased
59399577794938,distilbert-base-uncased
47017131511693,distilbert-base-uncased
8643345175677,bert-base-uncased
77182047675942,distilbert-base-uncased
42103691860616,bert-base-uncased
7883086955430,distilbert-base-uncased
16014325593248,bert-base-uncased
684781084440,bert-base-uncased
65105843779680,bert-base-uncased
65991805182334,bert-base-uncased
32123554863855,bert-base-uncased
71430119152944,bert-base-uncased
5422635441557,distilbert-base-uncased
35047529941910,distilbert-base-uncased
19417687107122,distilbert-base-uncased
6922608436725,distilbert-base-uncased
38145049416705,bert-base-uncased
23375068581620,bert-base-uncased
41962255019209,distilbert-base-uncased
31081413089694,bert-base-uncased
77583952888480,distilbert-base-uncased
34080894812532,distilbert-base-uncased
36666399571134,distilbert-base-uncased
53534126354005,bert-base-uncased
7157982830167,distilbert-base-uncased
18451574543370,distilbert-base-uncased
56165819734502,bert-base-uncased
55193246723284,distilbert-base-uncased
26178961335675,bert-base-uncased
78142385660562,distilbert-base-uncased
7093821761334,bert-base-uncased
64927863914988,distilbert-base-uncased
14679152934687,distilbert-base-uncased
89233549451482,distilbert-base-uncased
89216269513604,bert-base-uncased
27336243760008,distilbert-base-uncased
24237631073674,distilbert-base-uncased
76114145471765,bert-base-uncased
1724744543993,distilbert-base-uncased
9207589400822,bert-base-uncased
5452605660748,distilbert-base-uncased
74378550529079,distilbert-base-uncased
51547461064747,distilbert-base-uncased
40780645331232,distilbert-base-uncased
54263057513083,distilbert-base-uncased
84560787213203,distilbert-base-uncased
62103485493863,distilbert-base-uncased
34128630647069,distilbert-base-uncased
57828256595304,distilbert-base-uncased
58349194459471,distilbert-base-uncased
2304959634945,distilbert-base-uncased
2174683918384,distilbert-base-uncased
26371329212304,bert-base-uncased
80856065513280,distilbert-base-uncased
72918381901406,distilbert-base-uncased
63797735069871,distilbert-base-uncased
1181085738973,bert-base-uncased
28222868678748,bert-base-uncased
88024035526701,bert-base-uncased
69275463727811,bert-base-uncased
68022481539299,distilbert-base-uncased
48554171324799,bert-base-uncased
73663158038473,bert-base-uncased
74664424827264,bert-base-uncased
64722325237868,distilbert-base-uncased
51060395017136,bert-base-uncased
23434225337370,distilbert-base-uncased
77086644288819,bert-base-uncased
3505531003668,distilbert-base-uncased
9063896526881,distilbert-base-uncased
1262594548610,bert-base-uncased
30573654066624,distilbert-base-uncased
42615835130615,bert-base-uncased
17214578073807,distilbert-base-uncased
58714450139387,bert-base-uncased
90990317661104,distilbert-base-uncased
6737509065290,bert-base-uncased
82789218082155,bert-base-uncased
30241852610320,bert-base-uncased
25094646710596,bert-base-uncased
1808531699064,bert-base-uncased
88065075518135,distilbert-base-uncased
27283174506227,distilbert-base-uncased
54526830630868,bert-base-uncased
63056369682319,bert-base-uncased
10298848260204,bert-base-uncased
24394878379531,distilbert-base-uncased
49429599157137,bert-base-uncased
66501997068242,distilbert-base-uncased
60015672720274,bert-base-uncased
31779608736607,bert-base-uncased
28226025059486,bert-base-uncased
90432628004849,bert-base-uncased
46282412873214,distilbert-base-uncased
6233293023811,distilbert-base-uncased
63130128673506,distilbert-base-uncased
2608125844745,distilbert-base-uncased
44166193930200,distilbert-base-uncased
13256165239039,bert-base-uncased
8427789164283,bert-base-uncased
87391865293354,bert-base-uncased
69838649065021,distilbert-base-uncased
62361238215701,bert-base-uncased
59296280741545,bert-base-uncased
4912076150422,distilbert-base-uncased
37000427105615,distilbert-base-uncased
33629076886332,bert-base-uncased
89459639797184,bert-base-uncased
57384000064544,distilbert-base-uncased
73136083638129,bert-base-uncased
2795191193018,distilbert-base-uncased
89624841671765,bert-base-uncased
20976236209559,distilbert-base-uncased
4225549041985,bert-base-uncased
19012212251736,bert-base-uncased
81638671034252,distilbert-base-uncased
42731799032350,distilbert-base-uncased
53622080240819,distilbert-base-uncased
34866796893890,distilbert-base-uncased
10073057528907,distilbert-base-uncased
46593708273979,bert-base-uncased
26735363344649,distilbert-base-uncased
49163270254759,distilbert-base-uncased
54526700592424,bert-base-uncased
15821690810210,distilbert-base-uncased
6067762498061,bert-base-uncased
87798944533924,distilbert-base-uncased
83070975078519,distilbert-base-uncased
21324086841993,distilbert-base-uncased
61819501107269,distilbert-base-uncased
92042137775902,bert-base-uncased
67976006545939,bert-base-uncased
39910609029625,bert-base-uncased
36116060425746,distilbert-base-uncased
84265615393159,distilbert-base-uncased
83614101750454,distilbert-base-uncased
50724823618923,distilbert-base-uncased
15099111256678,distilbert-base-uncased
82694958559984,distilbert-base-uncased
26248754404379,distilbert-base-uncased
79416711210084,bert-base-uncased
30300302978701,bert-base-uncased
83743481440585,bert-base-uncased
30688697247921,distilbert-base-uncased
53656396802442,distilbert-base-uncased
47720630564973,bert-base-uncased
51175665257499,distilbert-base-uncased
4652979158115,bert-base-uncased
48642467209722,distilbert-base-uncased
76494629983389,distilbert-base-uncased
71005535241766,distilbert-base-uncased
86480919933469,distilbert-base-uncased
5564312519548,distilbert-base-uncased
69434171643196,bert-base-uncased
86860592689792,bert-base-uncased
50784199378685,bert-base-uncased
38374426797905,distilbert-base-uncased
7456187102621,distilbert-base-uncased
26545286224503,bert-base-uncased
62990018358103,distilbert-base-uncased
69567631638373,bert-base-uncased
14654829489631,distilbert-base-uncased
7531855766916,bert-base-uncased
42666152263247,distilbert-base-uncased
82476371202595,bert-base-uncased
45984256506833,distilbert-base-uncased
439033388226,bert-base-uncased
53151292003416,distilbert-base-uncased
69708470372660,distilbert-base-uncased
53587318703852,distilbert-base-uncased
72321884603010,bert-base-uncased
81216460925189,distilbert-base-uncased
12565756686331,distilbert-base-uncased
80634615560793,distilbert-base-uncased
88855141732352,distilbert-base-uncased
70732269974741,distilbert-base-uncased
14775836748427,distilbert-base-uncased
30308378676317,distilbert-base-uncased
50106284831407,distilbert-base-uncased
25155039892311,distilbert-base-uncased
87735336084447,bert-base-uncased
56895715744795,distilbert-base-uncased
71137865433540,distilbert-base-uncased
88557394758323,distilbert-base-uncased
37306616738645,bert-base-uncased
86860952007233,distilbert-base-uncased
68393167245710,distilbert-base-uncased
6244397398019,bert-base-uncased
86963480772969,bert-base-uncased
67525027724200,bert-base-uncased
42896343890561,bert-base-uncased
66879136998448,distilbert-base-uncased
64350892869765,distilbert-base-uncased
89572733894494,bert-base-uncased
21969919910387,distilbert-base-uncased
41875548483280,bert-base-uncased
25672347051198,distilbert-base-uncased
21669076996356,distilbert-base-uncased
22482328920140,bert-base-uncased
79496601891087,distilbert-base-uncased
47181813306385,distilbert-base-uncased
39335081655535,distilbert-base-uncased
39696608901275,bert-base-uncased
10434362355753,bert-base-uncased
14626766980775,bert-base-uncased
88734818210791,distilbert-base-uncased
36501478909352,distilbert-base-uncased
82140105074454,bert-base-uncased
19834308203530,distilbert-base-uncased
8128234046409,bert-base-uncased
10384014226494,distilbert-base-uncased
29196679959441,bert-base-uncased
91630277623910,distilbert-base-uncased
45850602338039,distilbert-base-uncased
26978971537667,bert-base-uncased
2312801397194,bert-base-uncased
24170770987203,bert-base-uncased
34835673294328,distilbert-base-uncased
12789201179077,bert-base-uncased
18309273140036,bert-base-uncased
26939643748176,bert-base-uncased
40296043658276,bert-base-uncased
84664592738217,bert-base-uncased
48793206260634,bert-base-uncased
57038519500335,bert-base-uncased
78705627422849,distilbert-base-uncased
21175019574594,distilbert-base-uncased
20921156507161,bert-base-uncased
22226781227542,bert-base-uncased
21460895501267,distilbert-base-uncased
61206884623310,distilbert-base-uncased
22840308793647,distilbert-base-uncased
36341827639791,distilbert-base-uncased
34707664106473,distilbert-base-uncased
6227143769326,bert-base-uncased
43783317976732,bert-base-uncased
37427718700300,bert-base-uncased
46371951455420,bert-base-uncased
70335694948474,distilbert-base-uncased
77983432078491,bert-base-uncased
73877729351875,distilbert-base-uncased
46013350384793,bert-base-uncased
14189051122201,bert-base-uncased
33816067719598,bert-base-uncased
2676655762435,bert-base-uncased
24388665049948,distilbert-base-uncased
75590954125568,bert-base-uncased
43566146420345,distilbert-base-uncased
42966506306732,distilbert-base-uncased
78537602716658,bert-base-uncased
51199579389183,bert-base-uncased
85018468069148,bert-base-uncased
30790469399037,bert-base-uncased
4610501415540,bert-base-uncased
57023635546131,distilbert-base-uncased
6156279086493,bert-base-uncased
6568478556609,bert-base-uncased
40980013650186,bert-base-uncased
2896243579938,bert-base-uncased
85572569490917,bert-base-uncased
19603378603513,bert-base-uncased
33594284814700,bert-base-uncased
83516199563493,bert-base-uncased
77038048499772,bert-base-uncased
79103591046356,distilbert-base-uncased
47116917019194,distilbert-base-uncased
31810635551952,distilbert-base-uncased
25611361407319,distilbert-base-uncased
23335291235399,bert-base-uncased
63526117641675,bert-base-uncased
23735159971320,bert-base-uncased
71234097579960,bert-base-uncased
41234595206565,distilbert-base-uncased
10566998767464,bert-base-uncased
73140818508740,distilbert-base-uncased
61550844742628,bert-base-uncased
62201606493304,distilbert-base-uncased
49987187554008,bert-base-uncased
49782764010164,distilbert-base-uncased
47204436113922,bert-base-uncased
29603166961334,bert-base-uncased
53995449350030,bert-base-uncased
14199579950220,bert-base-uncased
30262800244820,distilbert-base-uncased
32100530013856,bert-base-uncased
31898632082831,distilbert-base-uncased
12931897204626,distilbert-base-uncased
10449593274421,bert-base-uncased
59519307072715,bert-base-uncased
45371867793183,bert-base-uncased
41518940424457,bert-base-uncased
45296269074500,bert-base-uncased
69150930690439,distilbert-base-uncased
14728686001366,bert-base-uncased
35605950008846,bert-base-uncased
15542372387275,bert-base-uncased
40150214661168,bert-base-uncased
68374355885422,distilbert-base-uncased
25299739619036,bert-base-uncased
42017647578654,distilbert-base-uncased
32348235651630,bert-base-uncased
84324509316888,distilbert-base-uncased
74360067996068,distilbert-base-uncased
67585207662902,distilbert-base-uncased
20894788745738,bert-base-uncased
28339127716725,bert-base-uncased
74844175455337,distilbert-base-uncased
60111377288782,bert-base-uncased
76105212666463,distilbert-base-uncased
55285753253657,bert-base-uncased
78865795941778,bert-base-uncased
27064708548259,distilbert-base-uncased
79563666440876,distilbert-base-uncased
41108311663507,distilbert-base-uncased
2003720312370,bert-base-uncased
38359387703616,bert-base-uncased
78454850069480,distilbert-base-uncased
32608967573014,distilbert-base-uncased
52106808440658,bert-base-uncased
79031822153895,bert-base-uncased
89760947853207,bert-base-uncased
14858906889858,bert-base-uncased
7695507163647,bert-base-uncased
53287458984384,bert-base-uncased
52701866633589,bert-base-uncased
70063271581126,bert-base-uncased
88605843233773,bert-base-uncased
91341333457015,bert-base-uncased
24973235808929,bert-base-uncased
16425420013652,bert-base-uncased
71761048414008,bert-base-uncased
16749148778714,bert-base-uncased
46034048276541,bert-base-uncased
46916343432959,bert-base-uncased
37207739117542,bert-base-uncased
23166742315850,bert-base-uncased
34834120729660,bert-base-uncased
52504577831985,bert-base-uncased
37218928230733,bert-base-uncased
35191628236453,bert-base-uncased
84833341983540,bert-base-uncased
62217522939363,bert-base-uncased
74985528472900,bert-base-uncased
58627093556247,bert-base-uncased
30862770793295,resnet50_v1.5
10201892587718,resnet50
52176018255595,vgg19
61330628283480,inception4
23446574942826,resnet50
42250053678483,vgg11
52625838647051,vgg19
35621326080663,vgg16
42758134697806,inception3
16518135870399,resnet50_v1.5
77234797136083,vgg11
23477524980996,vgg16
89423816460803,vgg16
57175762242281,vgg11
9625636039200,vgg19
8666646760967,inception3
17833011698363,resnet101
76340037624495,vgg16
13063192210942,vgg16
7023555054233,vgg11
8820082055239,vgg19
49995148992751,vgg11
52053722895358,resnet50_v1.5
81235609107367,resnet152
41178567147257,resnet50
89955300385595,resnet50_v1.5
89787814494717,inception4
6034432506353,resnet50
9364212627386,vgg11
16896777522161,resnet101
48436100303111,resnet101
81990756309914,inception3
88829638192750,resnet152
39092500943499,resnet50
45923965850272,resnet50_v1.5
66442881875605,resnet101
70649952471771,vgg16
78664931184005,resnet50_v1.5
52482703608140,vgg16
22791477551887,inception3
46564926015399,resnet50
5892990661811,inception4
11963223663881,vgg19
20970953628532,vgg19
10593510186555,vgg16
7141319248490,resnet152
78124247953083,resnet152
49455102621873,resnet152
3739810641722,vgg11
82412012516277,inception4
37611634321396,inception4
55640367274726,inception4
3945443032356,inception3
14978486619537,inception3
79315985997599,resnet50
21606170036481,vgg19
14282729278251,inception4
2457128028544,resnet50
71446946906698,vgg11
2222822427142,inception4
1747002524985,vgg16
6934868794555,resnet50_v1.5
58619430407374,vgg16
48145182441284,resnet50
18065990845822,inception3
31095321693561,vgg16
40970350213104,resnet50
2523128745265,vgg16
45905745318253,vgg19
50319533969777,inception4
46937168352991,vgg11
65486592548778,inception3
5086771685049,vgg11
37445103896302,inception4
2235225778786,vgg11
74285513789431,vgg16
85335947557322,vgg16
82700900934313,inception3
56199058732870,vgg19
79593086782692,inception3
14843376692267,vgg11
27300647814019,vgg16
8874926421180,resnet101
9042613205291,inception4
51220992323382,resnet152
30753688387679,resnet50
16288232228809,inception4
49556257577793,resnet152
61548565394180,vgg19
54319930675902,vgg19
52439764498441,vgg11
45939532464390,vgg16
73949002407307,inception4
66048555673701,inception4
15682302863352,resnet101
69654738253542,resnet101
29089471180885,vgg19
28305424221578,vgg19
45293811679196,inception4
36060646581621,vgg11
74265984944974,resnet50
65244199926066,vgg11
79691556944577,vgg16
91586304820767,resnet50
32590619197705,inception3
50590983053409,vgg19
85728684055344,resnet101
89072099862463,resnet152
1362354961121,resnet101
49497682191752,vgg19
80242338981485,resnet152
84911339278548,resnet50
54119052431534,vgg16
26808248631031,resnet50_v1.5
1235623688522,resnet152
40812932413421,vgg19
26914252728040,vgg11
41911849237226,resnet101
27139060148734,vgg16
3653500198347,inception3
21385554594693,inception4
44244066095300,resnet101
54875096826748,resnet50
1837213663243,resnet50
46806993674185,vgg11
50878097645396,vgg19
54850192835196,vgg16
64399045154005,vgg16
82138688929437,resnet101
4347886052085,vgg19
49829012996913,vgg11
76524255503726,inception4
70114464126999,vgg16
67545330832604,resnet50
75894425702902,inception4
85183462861030,resnet152
25276759783697,resnet152
63937579389356,vgg16
54688282675414,resnet152
10441214642239,resnet50
27620681344148,resnet152
13513511197272,resnet50_v1.5
41628730970612,vgg16
88469272053000,resnet50
43362863761209,vgg19
77897328632423,resnet101
78482278827304,resnet50
35248534941158,resnet101
81264923855874,resnet50_v1.5
55341688785592,inception3
43079844518239,inception3
10981093674458,vgg11
14294165989054,resnet50_v1.5
79346608499842,inception3
57903369099131,resnet50
26300382265433,resnet101
20855388963060,resnet50_v1.5
83608594083256,resnet50_v1.5
15131391309478,resnet50_v1.5
60281059510701,inception4
15963702565896,vgg16
43663093839776,inception4
16008623061291,inception4
18342703426938,resnet50_v1.5
7746614444039,inception3
78252350799027,inception3
30808114050207,resnet50_v1.5
22072544389661,inception4
81616703213419,vgg16
26317443213609,resnet50
31721913388312,inception3
90331814540934,resnet50
25994381012151,resnet101
8899355680331,resnet101
12008201225254,resnet50
2285667452785,vgg11
63071045446593,inception4
13911439659364,resnet152
82397825020533,inception4
16050417730038,resnet101
42181713001232,vgg11
4245408558597,inception4
81188640636634,resnet101
9976590120891,inception4
6923956011792,resnet152
63740390814408,inception3
27614546003186,resnet101
20543835849950,vgg19
28319407288705,inception4
80181001794537,resnet50_v1.5
67194505864097,resnet152
8966876280759,resnet152
3880057490776,resnet152
89088846364266,resnet50
74821792449424,resnet50
61892735709182,inception3
43024572144509,vgg16
20837315505850,inception4
47624402867565,resnet50
62007486250006,inception4
34891076472201,resnet50_v1.5
65988871250454,inception3
51967255349790,vgg16
69675977984963,vgg16
12628904906004,resnet152
70214152788642,vgg19
33352820358490,inception4
66001306557976,resnet50
55777050164368,resnet101
88245224274506,resnet50_v1.5
44876924243922,vgg11
2358206523531,vgg19
29288885181748,vgg16
87846713976562,inception3
2729421787226,vgg16
75350031846425,resnet101
4366107542537,resnet101
4400982438649,vgg16
29125789744092,resnet152
81933821594043,resnet152
42001629989310,vgg16
23712233935086,inception4
2334978460107,vgg19
18210643111449,resnet152
4040740733045,inception3
55400267937175,vgg11
51695027600780,U3-64
65812924370275,U4-32
83474479721858,resnet101
74506751370517,resnet50_v1.5
16730006190867,vgg11
69721931889364,U4-64
39884675129657,resnet152_v2
20660025807518,vgg16
29257714836313,resnet101_v2
76544818411257,U4-32
87917504759689,vgg19
33747358954889,U4-32
46795251736048,U5-32
50107544829850,U3-32
26097298801727,U4-64
65942623516944,inception3
74869534655298,vgg19
71968017947856,U3-32
71011777087981,vgg19
21045770204504,resnet152_v2
89082505627934,resnet101_v2
27210531486647,U5-32
82673191257798,inception3
49987772317700,inception4
3464329406478,U4-32
80677534917473,U5-128
81833680739615,U4-128
65131986611792,inception3
39528411579999,U3-64
69527709228825,U4-32
60139184319389,resnet50_v1.5
12531791396277,U3-128
38651827852829,vgg19
11672169811194,inception4
14584398470156,resnet50_v1.5
23729497635560,U5-32
90662714297659,U5-64
37945795709480,U4-64
81290803329573,U3-64
33152288882065,U5-64
55411525218343,inception3
33421736442011,U4-32
59903828769956,U3-64
14149502358788,U4-32
27846770722021,U4-128
59998211023279,inception4
19972227202307,U4-32
75284770131770,U5-64
90888432629586,U5-64
58220431357752,inception3
5319306603747,inception3
13001405465504,resnet50
50538503330057,U3-64
83826480579212,vgg11
8478874665100,inception3
64211933245680,U5-128
66442112776257,U3-64
10684701665610,U3-32
5010709763800,U4-32
23016498095753,vgg11
38043057599992,resnet50_v1.5
23050069533678,U4-128
11804676406038,inception3
43353578247294,vgg19
30903665581810,inception3
61100158338948,vgg16
6637612575124,U3-32
72758814938582,inception3
64451654751838,inception4
58165130355725,U3-32
41619931471621,vgg11
59489794075407,U4-128
9793341454771,vgg16
22913328170179,U4-64
19602786270403,U5-64
23367680795522,U3-128
61692155929808,resnet152_v2
39925807427230,vgg16
76956051472792,U3-64
91136891950273,U5-32
35909435586520,vgg19
20500359888928,U3-128
32688849085200,resnet50
40067661543003,inception3
44031456874575,U4-64
68495718409270,U3-32
50959076433798,U3-32
69744434669196,U5-64
7006238511037,U5-32
59300969694306,U5-32
25786908696624,U3-64
60734383315926,inception3
68554833210679,U4-32
39153792828596,resnet101
8867283225985,resnet101
47640670563783,U3-64
1647229951118,U3-32
51043793070789,inception4
39880251264324,U3-128
10407509991140,vgg19
24474984647296,inception3
39896138975017,U3-64
19243327755545,U5-128
36862292554743,U4-128
61815179817926,vgg19
7449392804312,inception3
58711836976775,U4-128
63341782881587,U5-64
74630547618737,vgg16
66259550496080,U3-128
35347545822109,U4-32
25147988515612,inception3
39649173585217,U4-64
25569902383003,resnet152
23133855937617,vgg19
46427761989673,vgg11
9744495343492,vgg19
88685619099237,U4-128
34391080060723,inception3
44697428093609,U4-128
88447329224157,U5-64
73073563767826,vgg11
4011558711487,U4-64
772032503727,inception4
21190700544403,resnet101_v2
39706671919823,inception3
28444235692127,U3-32
24039714622769,U5-64
65179820621747,vgg19
9219359320939,U5-128
7610067500699,U4-128
45416282801531,vgg11
34512691412391,U4-128
14927576277879,U5-128
14487648732100,vgg19
73093598781980,inception4
54615948039007,inception3
62118709607484,U4-128
51190785743652,inception3
36122059002078,U5-128
74176342429884,inception4
85327546534384,vgg19
23097920934237,U3-64
58649592791088,vgg19
73618842627273,U5-32
53858359627831,U4-32
27214779287342,resnet152_v2
52307075247651,U3-32
58743695939281,inception4
71516605829023,vgg16
22989423052385,resnet50
20854859661539,resnet101_v2
14441333271082,U5-32
33014132130519,resnet101
45570729577709,U4-128
57653116593214,U4-64
3128501754569,U5-128
81664762860683,U3-64
18322511959383,U3-64
87225053509998,vgg19
27097492684727,resnet101_v2
33189303024632,U5-64
43130623963404,U4-64
6109602899976,inception4
52478497770008,vgg16
57680505081982,inception3
65427209667604,vgg19
31165624556877,U5-64
41597727139599,U3-128
40632831687796,resnet50
86137940154038,U5-32
67739519397197,inception4
10734497857714,U3-64
32050905913434,U4-128
72174994703044,vgg19
49678039521635,inception4
3282191928179,U5-32
50741918464910,U3-32
8919794515828,U4-64
45085383101641,inception4
52872738226121,vgg19
25079054830298,U3-32
88420555979654,U3-64
18965756182170,U4-32
31064872455919,U4-128
45336770947300,U5-32
75968946671280,U4-32
48288387719299,U4-32
21297898806201,U3-128
70053314562,inception4
76420300821963,resnet152_v2
29519424884262,vgg19
1509826300636,U4-64
70439909919476,vgg16
91469706686415,U4-128
9862076549920,U3-128
78610493093948,U5-128
65239286215939,U5-32
17410596933707,vgg16
91748439472756,U5-128
5123793601558,U5-64
66473723418935,U4-32
81727562158619,U5-64
66665389815361,inception3
52228904988391,U4-64
36711344224371,inception3
22429507770393,U5-128
3930220760989,U5-32
88225905927343,U5-128
73470815556278,vgg16
33002621739140,U4-128
22511865878392,U3-64
70911837212537,inception4
64025673652099,U4-128
26937148338088,vgg11
30704184946210,U5-32
87290023312906,vgg16
89616959721217,U4-64
48298259921167,U3-64
30509796036658,U3-128
12797012369304,U4-128
37123117136882,vgg19
32879685513830,resnet50_v1.5
58880272677629,U4-32
57340046270194,U5-128
40512586596538,U3-32
82615022251272,U5-32
88501386336919,U5-32
17598744718446,vgg19
69447973367597,inception4
63265608284120,U5-128
58066872390644,U4-64
17998050749158,U3-128
40026433857406,resnet152
90512336540714,U5-128
62464125903464,U3-32
30178417581833,U3-64
85467969825177,U4-64
55532102025659,U5-32
30697288565437,vgg11
51671187593134,resnet101
64940732746722,vgg16
31186188186900,U5-64
54305584531587,U3-64
20121836749472,vgg16
57481487708500,U4-32
9109535923550,U4-128
43207807834341,U4-128
12169287774796,vgg16
27599320307730,U5-64
42060482998606,vgg16
60995907180999,resnet50
91143551804352,U3-128
76780053470095,U5-128
68251025700303,vgg19
21167883573715,U5-64
34709806412980,inception4
6936518018295,resnet101
86349776097362,resnet50_v1.5
2906804623607,U3-64
9949843714541,U3-128
75828437824351,inception4
32999334666493,vgg16
58621497011714,inception4
58326085467228,vgg16
32333693015383,U4-128
52028360947858,U5-32
32958421752213,U5-64
67288809131544,vgg19
67521933829438,U4-32
48232090057140,U4-64
50827846931768,vgg16
65596016911160,U4-64
35090689457153,resnet101_v2
48684601943656,resnet50
13146005430253,U5-32
35009980327902,U3-128
74879841149502,resnet101_v2
13095696790043,U3-64
75889311737265,vgg19
70526469694167,vgg19
123768618927,inception3
58649056721274,U5-32
63347738108193,U5-64
83997043852647,vgg19
20449772915499,vgg16
34886510694907,vgg19
3611766027875,resnet101
41802207399250,U5-32
20928180765708,U5-64
29381280178268,U3-32
59383014125736,U5-32
11008710991677,U3-32
85553143930711,inception4
86329476612531,inception4
26420627925658,U5-128
50877952130826,U5-64
52017049727705,resnet50
34546088904735,resnet50
46853712565755,U5-32
71515899774366,vgg16
5835698954499,U3-64
4472419499583,U3-32
6689509094647,resnet101
79121426598407,inception3
70570165005636,inception3
6903484959743,U3-128
60535210897123,vgg19
87520158604763,resnet50
41280785108853,inception3
73475829158282,U3-128
12084974059495,U3-32
72002051929962,resnet50
84039614270584,U5-32
38526275535836,resnet152
55200476395837,vgg11
31131505446188,U5-64
18915034319106,vgg19
38620303959263,resnet152_v2
22184187876089,resnet152
75122413724890,U5-32
66471706874081,resnet50
72514654425723,vgg11
70365362673151,inception3
43916034385780,U3-32
79012357405202,inception3
82821623742214,U5-128
3713838617011,U5-64
77418071948206,vgg19
90218983694714,inception3
87025826576938,U4-128
13034543371301,inception3
72864433221766,U3-32
20375369583105,U3-128
17498708457919,U3-32
49554688839358,inception4
44033314782809,U4-128
47218146465763,vgg11
36825297823319,inception3
47281521846487,inception3
61776934437041,U5-32
43781596677172,U3-128
85125810117602,inception3
17882629450000,U5-64
90704574575617,U5-128
74012495208562,inception4
74452622021466,vgg11
65406851806512,U3-32
41632598530057,U4-128
73006275515509,resnet152_v2
52252981336255,U3-32
9434679358493,inception3
19880762433279,U4-64
18512102028367,inception4
2777540189652,inception3
40256769935436,vgg16
82055276825183,inception3
67140768074975,U3-64
68610075573946,resnet50
27296035849089,U4-32
73284804469023,U4-64
89181637392039,inception4
83181939153521,U5-128
42713339659877,U5-32
54382774520287,resnet50
61136861635168,vgg19
15798984018850,U3-128
611401690860,inception4
78687968543163,U4-64
8233123318472,U4-64
53276570726086,U3-32
43616443429577,resnet50
33824340231252,U5-128
21225030953839,vgg19
91770293586526,U3-128
68256488630651,U4-128
43330580033758,U4-128
79857460930643,U4-32
57334153105838,U4-128
52219992817789,resnet50_v1.5
13460167751645,U3-32
28168299554554,U3-32
19307051268999,U3-32
64763702804259,inception3
11134035800764,U4-64
52210879190080,U5-32
16818908732801,inception3
20212578593088,U3-128
28333373502205,vgg11
83687979516303,vgg11
24792375373844,U3-128
67581747961520,inception3
50797667693865,resnet50
68272385671749,U4-128
45021324858114,U4-32
6169389349874,U4-128
88773982620600,resnet50
37917087250616,U4-128
89100333877566,U3-64
12442586039040,inception4
30730291650691,U3-128
63384212624128,resnet50
51681018065501,U3-32
668170500007,U5-64
14268555863196,vgg16
1074465388158,resnet152
45855550040191,inception4
51914699677862,U3-128
47255807778610,U4-64
22207613104837,U3-32
37607845202489,U4-128
38368709822824,U4-128
76605965574006,resnet50_v1.5
81107189538362,inception3
55845318967978,U3-128
41752986720456,U5-32
24816363961680,U3-128
8719490959307,vgg19
65138394017721,U5-128
35921814184610,vgg11
20479155159399,U5-64
71673312368154,inception3
13764896307959,U4-128
70158740633382,inception4
4417667443341,U3-128
38393007288591,U4-64
38863408952979,resnet50
85400812580110,vgg16
28722376456516,U3-64
68647661707143,inception4
72118213155643,U3-32
16257000593800,U4-128
53038830133885,U5-32
52490955434767,U5-128
43764930481405,U4-64
82636580949868,vgg11
20625879105618,vgg11
68784671471373,inception4
49355659834404,inception4
84292631343442,U4-64
7736926486812,inception3
62878367368626,vgg19
79154037379223,resnet50_v1.5
27331418215046,U4-32
10297115157410,inception4
6044860554738,vgg19
63474351000924,U4-128
67731936639144,resnet101
33683215042657,vgg11
39323499994941,resnet101_v2
11047064415893,vgg19
37257609696577,resnet101_v2
23137652605412,U5-64
70604097989080,U4-32
20587279530229,U5-64
89709814937901,vgg19
68689273281049,U4-128
92072308557517,vgg19
22957955908257,inception3
66402078859876,inception4
53863407622556,inception4
21409452545429,U3-128
36694530711439,U3-32
55316202788979,U5-64
25460034731259,resnet101
50025213645758,inception4
64159409155432,U5-32
41717032815544,vgg11
91726834575029,inception3
91812871469515,vgg19
83585014317741,resnet50
32153928008072,inception4
72447471882731,U5-32
30540572226412,resnet152
4210352044518,vgg11
16281852572090,U5-128
11920227972288,U3-32
49125616111503,vgg11
23192611825305,inception3
21607694208940,vgg19
18123841504661,inception3
47227913997406,vgg11
7559269059126,U4-32
24073747328540,vgg11
72889010028914,resnet101
65038266178294,vgg11
91524972498002,U3-32
30375797005395,U5-64
24922122102791,vgg16
2110684905527,U3-64
58284420265062,U3-32
2836433489621,U4-128
65053255743437,inception3
14071652519815,vgg16
74119646350346,resnet101
330074354139,vgg11
27218068633780,U5-32
44558260412432,U4-32
65491646150070,vgg11
74844507609547,U5-64
19536989584883,vgg16
34684594792196,U3-128
58177473624537,U3-128
13199304485349,U4-128
2645164483822,U5-64
75057112175745,U4-64
35914221216058,U4-32
17825795509658,inception4
18184753838053,U5-64
18319363055417,U4-32
73807021753480,U3-32
90770026313357,resnet50
21614988187802,U4-32
25982291411224,inception4
84655253337440,U3-32
41680801223685,inception4
51183554014534,resnet50
29797775984832,U5-64
54583465291043,vgg16
55363900133494,U5-32
79825773954697,U3-128
73693110364081,U3-128
28189127894967,inception3
7252588961361,inception3
88282254029248,U4-64
29358576358138,inception4
866728767288,U5-64
25770775752118,vgg11
28023762431318,U4-64
12061204333884,U5-64
38227113151142,vgg11
12997731412859,resnet101
40549148614590,U4-128
68590171313286,U5-128
70848550475732,U4-128
8677668457825,U5-32
90228459363516,U3-64
18553919445128,U4-32
73281631261987,inception3
50932979345754,U5-32
41027121074428,vgg11
11228240564913,U4-128
12142951176334,U3-128
49392841490860,U4-128
86341257872410,resnet50
54038795457941,vgg16
42819012299023,U4-32
60885879506219,U5-32
89442299339397,U5-32
33500936991157,U4-32
20520636099392,U5-128
91533160281302,U3-128
5198496692708,U5-32
39253819822494,inception4
34875355004055,inception3
46361833268896,U5-64
63988719234574,U4-64
1742261050470,U5-32
90075637222613,U5-32
71837525898414,vgg11
54599580322415,U4-32
67146346238702,vgg16
17152598206687,U4-128
35228693326474,inception4
17620011810806,U5-64
82149332913309,U5-32
81494416520746,inception3
44813087500862,resnet50_v1.5
64807681559356,U4-64
6853873683185,U4-32
79902816512887,resnet152
59850211880015,resnet152_v2
74169350563926,resnet101
44004664807529,U3-64
19771101664795,U4-128
37472224646192,U3-64
27441081946248,U4-128
47475744080507,inception3
90387577631934,inception4
84019544378275,vgg19
88518282016304,U5-32
41474934034878,inception4
82360245586826,U4-32
79397046791691,U3-32
3929865713632,resnet101_v2
23180230772560,inception4
29010545988297,inception3
1173416277102,inception4
79668478230637,U5-64
27530890186655,U3-32
46330987020826,U5-32
9871324769238,inception3
51504619222330,vgg11
18877395338868,U3-32
24039047024279,vgg11
2226671450710,U4-128
48020198141948,U4-64
88304888821299,vgg11
5767154951333,inception3
32205407763735,U3-32
72415839691575,U3-32
81554415314647,vgg11
68119947392478,resnet50_v1.5
86324321119571,vgg16
19558802461191,resnet50
74385739797465,U4-128
38984646323185,inception4
68342390155024,U5-64
67691045781943,U5-128
41792001218009,vgg19
80095123310267,U4-128
73582594740751,U4-128
30919912883589,resnet50_v1.5
66477698098766,vgg19
89691606848119,U3-32
5711808548001,U3-32
57673827067793,U5-64
39259303448278,U3-64
78603435135577,U4-32
46087485632737,inception3
81162044392598,inception3
88553612463388,inception3
76005528382253,inception3
69458184346048,U3-64
43078138868871,U5-128
3645722957024,U3-128
8188578611349,U5-64
80339058051202,U4-32
19674945132479,U4-32
87778886201335,inception3
8228956828647,vgg11
22083326433976,resnet50
33230311703812,U3-64
9258196925244,vgg11
88632202273985,vgg19
46932426821405,U3-64
88564338952222,inception4
72611281523275,U3-32
66149328255061,vgg19
7842792242966,resnet152
71815554471127,U3-32
14318208924077,U5-32
62460994977339,U4-32
36475311059603,inception3
72393369390106,U3-128
68848210778414,resnet101_v2
22889610392808,U5-128
35252677556609,U3-128
59589665190892,resnet101_v2
83835294035835,U5-128
70252337134156,resnet50
75212760078438,U5-64
38602675650074,inception4
89225129440182,U3-128
37445741222378,U4-128
45835597192144,vgg11
19820708969324,vgg16
8373601968501,vgg16
34742143550714,U4-64
53606254826829,inception4
84454401025746,vgg11
84250676220704,vgg11
55715457781581,inception4
32591255982021,U4-64
86305110064660,vgg19
33987678966937,U5-128
50465639454604,U3-64
67869430706007,resnet101
54557581269757,vgg11
55519296901028,resnet152
26033950972717,resnet50_v1.5
49498563487613,vgg16
82453195814233,U5-32
6858368954895,U3-64
61046854729562,U5-128
60071178143054,U5-128
67655574275162,U4-32
50224504675147,U4-32
59638293409445,U4-128
76981895572545,U5-128
34261302156167,U3-32
76853124373550,vgg16
65772188920569,U5-128
51867602900368,U4-128
85472647027538,U5-64
19216312164781,vgg11
17143617822218,vgg11
85596072027869,U5-64
17488273201545,U4-32
10765357203021,U3-32
54097468818839,resnet152_v2
14841306951735,resnet50_v1.5
32574308066095,vgg19
14125108262109,vgg11
86396620316643,U5-128
63657779779924,U5-64
12116059099971,inception3
30024857787583,vgg11
61437341922784,U3-128
32048425187624,U5-32
5332546661446,U3-128
6463541871509,resnet152
50567521376374,U4-64
39249343474210,U4-128
89540018273959,U3-32
79922087409608,U3-128
60988482616976,U5-32
21762165364997,U5-128
81731966070230,inception3
55985397476376,U5-32
16044516322706,U4-128
47522249099390,U5-32
57598092231511,U3-128
23392498985676,inception4
17746529753259,U3-128
79339718328701,vgg19
43521359221211,U5-64
42937052065293,resnet101_v2
11701784246856,inception4
48829307831612,U4-64
58150530148917,U5-64
63563949785259,resnet50
44317307973280,resnet50
70083691371796,U4-128
17772505387590,vgg19
4516957646362,U3-128
84465319462951,U5-64
69568244056779,U3-64
90032063711759,vgg19
21273814553062,inception3
69610423824556,inception4
67637220880820,U5-32
6106144267054,U4-32
53811604820001,U3-64
27004474511238,U3-64
3054318459503,U4-32
85220324752759,vgg19
7812080909917,U3-32
39936023279611,U4-64
2063739185347,inception4
91944682079712,U5-64
53216559432694,U3-128
55849472925954,U4-64
10539773706640,U3-64
32291631459078,vgg11
14827012274242,vgg11
75378154807868,U5-32
29086333466277,inception3
59272263812579,U5-32
90851135500523,inception3
53389356692894,U3-64
60490939229433,U3-64
79354397658590,U3-32
1072692854834,U5-32
46589281147290,inception3
30771354082802,inception3
88594676662243,U5-128
1662952430496,vgg19
23668997711105,U5-32
24906523369719,inception3
15474326892702,U3-64
57847336843216,U3-128
73656842757145,U3-128
75280859089866,U5-64
36284331422626,U5-128
44097669875885,resnet50_v1.5
26959869163388,U4-32
14025411588785,U3-128
58468237378323,resnet152_v2
33965558020271,U3-64
10715038114699,U3-128
20655566270349,U3-32
59027302130011,U5-128
83248532450261,resnet152
86574792682347,U3-64
41182748771411,U5-128
17236399333148,vgg16
59790224164753,U3-32
84962173968473,U5-128
3638154732417,resnet101
25982956492732,U5-128
60999738969454,resnet50
64315739902048,U3-128
21212016678597,U5-128
22735999820845,vgg19
45608910693048,U5-64
9431185474940,U4-128
44299125805796,vgg16
75487076743891,vgg19
70747211090564,resnet152_v2
51492701434086,U5-128
39638343415869,inception4
82498363366218,U5-64
75871867810100,U3-64
32325324780313,U4-128
81408287863507,inception4
18593553555929,resnet152
83046769129531,U3-32
29084377932376,U4-32
64513952433212,vgg19
66216749528816,U3-128
55958309810535,resnet101_v2
39135885299603,vgg11
55865719599775,vgg11
39202071273845,resnet152
9335386890281,resnet50_v1.5
90877792343870,vgg19
78738330144081,vgg11
2970203459610,U3-64
18848560434882,U5-32
85887143519724,inception4
27951096695366,resnet50_v1.5
87018635638285,U3-128
3703503342840,vgg16
62131605895378,U4-32
91261007510318,inception4
7449829507634,resnet101
37226026662193,U3-128
53128257386426,resnet50_v1.5
40772729499767,vgg19
19528042148650,resnet50_v1.5
42460004601367,U4-32
4283980613027,inception3
75706183533141,vgg19
84123993373223,U5-128
73326673724141,U4-64
8745312735322,U4-32
38089845458404,resnet50_v1.5
23267673065196,U4-64
51340220575140,resnet101_v2
75010019515642,U5-64
12548017017271,vgg16
47466117860683,inception3
68062831359045,U3-128
84928146791599,vgg19
67902911488825,U4-32
14667730299298,U5-128
20546286565895,inception3
42219119741940,U4-32
68808676453364,resnet50_v1.5
35072248640173,U3-128
62548065432906,U4-128
12131459904259,inception4
91437144779838,inception3
21330178464393,resnet152_v2
80028654437123,inception4
86434444444090,U3-64
25269203159322,vgg19
55126573468623,U3-32
31896894345967,U5-64
9602400771293,U3-32
65022613076884,U3-128
24274382771701,U5-128
27705572576617,U3-128
31421236388302,resnet152_v2
7117156657691,resnet50
75277970994231,resnet152_v2
85792424748520,inception4
4894304181742,U3-32
31952588525117,vgg11
65656614031522,inception3
83771334181439,resnet152
19387457901536,U3-32
53548413853348,U4-32
40927039585891,U3-32
45976777507272,U5-128
25975835014501,U4-32
76403259473945,U4-64
78023306137047,resnet152
22723225908727,vgg11
38682962974915,U5-128
76354344332008,U3-32
85915615121786,U5-32
26540537517293,U4-128
88570459692433,vgg19
5889265351802,U5-32
78578181033562,U5-32
72146826968575,U5-64
66756858881377,resnet101_v2
69210728542636,resnet152
61132648969855,U4-32
72595780174627,vgg11
52267739711252,vgg16
40092508456001,vgg19
7199748004345,resnet101
32557024410506,U3-128
12705284699216,inception3
18447531230596,U4-32
35648611648155,resnet152
44911195502547,U4-32
35121403865750,U3-128
45659928426731,U4-32
5753211269774,inception4
11973986794917,U5-32
65454296284743,resnet101_v2
9260505437560,U4-64
8848364846948,vgg11
13002232280266,U3-64
10263611620809,U5-128
54129417380757,U3-128
89575399900067,U4-32
31932762732173,vgg16
19732348877087,U5-128
41873464126625,U3-128
51268082383283,vgg11
82996968430235,resnet101_v2
23382762621363,vgg19
25454679717535,U3-128
56933056016539,U3-32
42267913921260,inception4
73798796212768,vgg16
55386383985023,vgg11
69557421065130,U3-64
16366257343456,U4-64
42803244201082,U3-64
88655318619977,U3-64
31348775609478,inception4
76593035202440,vgg11
55512254618113,vgg16
84360255652838,U5-64
369972989432,inception3
66732589619012,vgg19
66358237469570,inception4
53377265354414,U4-32
19183862374877,U4-32
80249445248004,resnet101_v2
29941285515253,inception3
28821878793246,vgg19
72645968516241,vgg16
5964332157888,resnet101
22658650772837,U5-128
36558372224924,vgg19
82455486230100,U4-128
57192230335137,U5-128
72279788209860,U5-32
21924412904807,vgg19
49550053457603,inception3
63945311758322,U5-32
56692640023847,U4-64
1017917913525,U3-128
3867672441270,inception3
14147153356598,U4-64
69037260511847,U3-128
59969008972657,inception3
45529823029086,vgg11
27095092313367,U3-128
78784414843863,inception3
50376846598207,vgg19
91468836902241,U3-64
55119761017850,resnet50_v1.5
20724873130184,U4-64
23581502047853,resnet50
60821715597534,inception3
41718795550596,U3-128
55618021857568,resnet152_v2
5271947854910,U4-32
48018919145884,vgg11
80564384683415,U5-128
89675955305302,U5-128
5025624390747,U4-128
17815183910519,U4-32
75554759232989,resnet101
1868109379860,U5-64
54045048357159,inception3
45879437987016,vgg19
24674595696073,inception3
46343141768463,U4-128
67301239757538,U4-32
18626064836385,U3-32
26336210314795,U5-64
15466830247540,resnet50_v1.5
42364321215757,vgg19
30263149517748,U4-32
8696536280880,U3-32
26639085450317,U3-32
61637961054342,U3-64
67962669881400,U3-128
29196001505786,U5-32
28616623128316,inception4
9963625866145,U4-32
20429171052182,vgg19
64994933603595,U3-128
37115967170321,U4-32
59006560830080,resnet50_v1.5
29748684710879,U3-64
38770129595158,U4-32
16417687838186,resnet50_v1.5
26653683538259,inception4
30650418762007,U3-64
64624513918672,inception3
48511030718610,U4-64
53890972082384,U3-128
85142027985297,vgg16
47067631587751,U4-128
41054327391639,resnet101
59198462083693,U3-64
33755278093883,vgg19
20067687009833,resnet50_v1.5
64120648063233,U3-32
1246050883075,U4-64
8944509058523,vgg16
65651999941600,U4-128
77677114385105,U5-128
71961900174433,U5-32
85809942540728,vgg19
60470255782262,U5-64
6253194729573,U5-32
20386351415557,resnet152
9454414355533,inception4
34715343250981,U5-32
41902556002053,U4-64
85810007167717,resnet152_v2
1724085272716,resnet101
41753568326655,U4-32
38729867015329,U5-128
4391237494359,inception3
35545577109034,resnet101
83417139332506,inception4
85701315758407,U3-64
15305255756787,resnet152
74588619677508,inception4
82117113347853,vgg19
36029934496673,vgg19
35530266811111,U5-32
74866860310604,U3-32
65376332486087,vgg11
60231464099520,U5-128
53116971444728,U4-32
56553102721179,resnet50
30688664907769,vgg11
10217518336509,inception4
63027117935136,vgg11
63376086996751,resnet50_v1.5
14410360848432,vgg11
69247830555558,U3-128
14852499934987,vgg11
3940427352263,U5-64
42349656676267,U4-128
7065631133019,U3-32
26490946092045,vgg19
20740539765928,vgg16
45152136638978,vgg11
59428617181294,inception4
10542260569710,inception3
85943381391691,inception4
73480956106876,vgg16
38388197999272,inception3
26625186454290,inception3
73483587176796,U5-128
72926223450382,resnet152_v2
18594756506601,vgg16
71361047704798,U3-64
68461448067301,vgg11
22022306586793,U4-64
80638736196802,U5-32
9995706021250,U3-64
81215552799817,resnet152
68797942285521,resnet101
59490726376389,vgg19
24636145338445,inception4
76646026348000,resnet50_v1.5
52563021581925,U4-32
70375398746871,U3-128
87570556506909,U3-128
7806101475212,resnet101_v2
14995926905738,U5-32
60814802804511,vgg19
64210681870254,U5-128
23274065829755,vgg19
32142591458216,U4-64
64026578427148,inception4
87479848794830,resnet50
21849782738187,vgg16
72446060184477,U4-32
22621834162820,inception3
74683573375244,vgg19
83969561648328,vgg19
49045618473163,inception3
73320990487617,U5-32
36059222901092,resnet152
54184009608651,vgg16
33646984417132,resnet152
13227922820520,U5-64
6611926988200,vgg11
27137105942944,U5-64
59005609741732,vgg16
6043107724358,resnet101
87843941748780,U3-128
75848271895998,U4-32
11977056077463,resnet101_v2
85703770168229,U5-64
30092500424197,U3-128
22747705886913,inception4
71189715646799,vgg19
76124523600977,U4-32
76479055759055,resnet50
76828328164994,resnet50_v1.5
58881164850044,vgg11
62402878251772,U3-32
12650045277718,inception3
14577701923877,resnet152_v2
51068815111253,inception3
54459133369724,U4-32
62433429815432,resnet152
31723045139867,U4-64
75138546336690,inception3
11851532517471,U5-128
27671722962369,U5-32
79218429544423,U3-128
67349457878229,U3-128
10114973716008,vgg19
77615531449504,resnet152
79392782533318,U5-64
27436437203870,resnet152
14118665594650,U4-128
12960601847670,vgg11
17056485976143,U4-32
6391045146112,U4-32
16793306036245,U4-32
59474508927197,inception3
90732313536657,vgg16
24146248808114,resnet101
7607740475662,inception3
58815552182263,resnet50_v1.5
75284362523284,U3-32
7440702596508,U3-32
42526658401858,U5-64
90993771451923,inception4
23491250422055,U3-32
32833235058376,resnet50_v1.5
48823225499684,resnet101
56301865876960,U3-64
6539000352523,vgg19
74679037118572,inception4
49991593203974,U5-32
42740329393881,U4-128
55018191432421,U3-64
70463891279522,U5-64
21033390534980,U3-128
30556721506599,resnet152
78604982814993,vgg11
20195120765558,vgg19
60983691597651,vgg16
31684353371565,U4-128
936125152272,resnet152
4735941293174,U4-64
18909670216319,inception3
82646462675325,vgg11
28298754766240,vgg11
7778183430144,U3-64
76135451681361,resnet50
81719370837760,U4-128
55052096782573,U3-128
84114717273004,U5-128
35629409914188,U5-64
81572592394337,inception3
18487942611922,U5-128
75703804358356,U5-64
382824463538,inception3
24357584411588,resnet101
38881270173846,U3-128
88343263137367,resnet152
32548140084588,resnet152_v2
49585876686700,U4-32
72256000373338,U3-128
61768164588469,U4-128
25082527598998,U5-32
23431218556338,U4-128
65371526266098,U4-128
26266037955212,U4-128
7898577696209,U3-32
91252815501999,inception3
85896451278982,inception3
22344893408468,resnet50
65997842798701,U4-64
20793551340848,resnet101
80384695883841,inception4
41784957963166,U5-32
87207030280567,U4-32
33103022283969,U4-128
79559045848435,U5-128
37837065556074,inception3
2958233925161,U3-32
57983836513793,U3-32
10772932880797,resnet101
1250055940134,vgg19
82908222822501,U5-32
14544625834825,U4-32
91155403320134,resnet152
74337278111042,inception3
12853872840639,inception3
75553006571897,vgg19
86831732593180,U5-128
19997658047499,vgg19
62396492546386,vgg19
66605734251830,U4-64
79007603048818,vgg16
33550254334592,U3-32
28952490428242,vgg19
89709341888791,U4-64
84195396055233,vgg16
25941554536676,inception4
71858823616271,U4-64
72453716340569,U3-32
43125123998975,resnet101_v2
21082625006727,U5-64
76971535955683,U5-64
37813812576300,U4-64
74823080468938,U3-32
68307271431118,U4-32
10670051965608,vgg11
23303271942803,resnet50_v1.5
78118933935293,U5-32
16243287844930,inception4
25028730959012,vgg16
84370911453912,resnet50_v1.5
64989148079169,inception3
3310623936406,U4-128
73114191787643,inception3
1539323747703,U4-128
57336238542746,U5-128
65259254428572,U5-128
17440134352129,U3-128
72579120561790,U3-128
39033158866817,U3-32
69439792113892,U5-64
41821529908913,resnet101_v2
24270163217175,inception3
74906560478218,vgg11
72873574277500,U5-32
66160904568923,U5-64
57348417765124,U3-128
29829566191360,inception4
14647082943833,inception4
22223640395790,U3-128
52744242552738,resnet152
77698535574997,inception4
34616588030023,resnet50
7671071272045,U5-128
25161351298754,U3-128
6549556599907,U5-32
3009680373113,vgg11
91738482892865,vgg16
27565819615360,U5-32
26485316306177,resnet101_v2
39857228021546,resnet50_v1.5
66354862129216,resnet101_v2
72322887507586,U3-128
18116512388788,U5-32
56859416021248,U5-32
55043596415842,U5-128
18344828761639,U4-32
57604836261628,U4-32
92159105552888,U4-128
73735686141124,vgg11
39221366568190,U4-128
8635639979205,vgg16
73489615539281,vgg19
58675195095117,U3-32
77071588020014,inception4
84361605480390,U5-64
83646659598973,U4-128
80867604667702,U4-64
81951544241795,U3-64
7671050391745,U3-32
680974554190,U5-64
36281410181395,inception3
3310909328426,U4-128
2291755177745,U3-64
76109190700580,vgg11
27485384174600,inception3
33433679880496,resnet101
54128646766650,resnet50_v1.5
21318914128566,U3-32
43574481028320,resnet152_v2
85264735409379,U4-128
72671720081177,U3-32
10345538774753,U5-128
80557946776741,U3-64
42378735101659,U3-64
5275403476309,inception4
76417688582931,U3-32
57829140819440,resnet101_v2
21775656741050,vgg16
27703590581376,U5-64
55734592256569,U3-64
50832728229787,U5-64
32267500474419,U3-64
34403629421242,U5-128
13195655198409,resnet50
92029797791744,U4-128
89897252507146,inception3
50528516710837,inception4
53769782349437,resnet152
83185016377201,vgg16
27206561160033,vgg16
58562677960338,vgg16
58887925703090,inception4
64953214077375,U5-128
39671672016554,inception3
72022131721836,inception4
32871034152128,resnet152
75165013356916,U5-128
44434621793935,U5-32
30021961898143,U4-32
23186947036237,resnet50
3602643922499,U5-128
81897846052166,U3-64
64847710946792,U4-32
22034105264737,U3-32
79198634243910,inception3
7821418920768,U5-128
67414025397137,U5-64
34833437714797,resnet50_v1.5
68022519158922,inception4
80970217448462,resnet152_v2
64572132222692,vgg16
92033212423204,resnet152_v2
80066315493671,U5-128
2381065838824,U3-64
87413550326764,vgg11
36591904113286,resnet101_v2
4399319501092,U3-64
31140615338838,U5-128
54227535680629,U4-64
80079813601039,U5-32
62855112912614,vgg16
40477425158266,U3-64
91738765454988,U4-32
36724429760436,U3-128
79150048009801,U5-64
11694990385721,vgg16
13089730130856,U3-32
48713166306584,resnet50
32343365388479,U3-128
16009602750298,U4-64
89661463842889,vgg11
44224612211945,U5-32
34360914952528,inception3
75763477212964,U5-128
2567460724815,U5-128
17999004987470,inception4
51803930569430,vgg19
67908375954913,U3-32
56645955071885,resnet50
24068217500970,U3-32
27955092156725,vgg16
25928372846259,U5-128
20561302501952,vgg16
3083120564779,vgg11
71521766952491,resnet50
76086111898843,vgg19
63344236669329,U5-128
2141692100872,resnet101
36819937273377,vgg16
49804674983917,vgg11
42780137031390,U4-64
51514438935031,U5-32
57457625028966,inception3
1223889979597,U5-32
18796147759334,resnet152
51678400205798,U3-128
51243862105598,U4-64
89283401561374,U5-128
17015674399102,inception4
86500768376626,inception4
53963554636148,U3-128
24622334945205,U5-64
66296428776698,U3-64
77364766838814,vgg16
90935616789971,U3-128
9618968776386,resnet50_v1.5
3329214498079,U4-32
51561675514842,vgg16
43373244759088,inception3
28568732158715,inception3
1563939856646,U5-128
86127738592490,vgg19
37498962885529,U5-64
27672187170801,U3-64
77136429314539,U5-64
74665214477305,U4-64
87943302361577,U4-32
65307107616100,resnet152_v2
12130330208549,inception4
27586527001084,U4-128
58086279790098,U4-64
89363092784308,inception3
54420056300575,U3-32
15273230393997,U3-64
83875053480826,vgg19
6486049140011,U3-32
30459674923938,resnet152
47860503578544,U4-64
13974939280355,U3-64
69874525374985,vgg11
52767520287997,resnet101_v2
36296500675155,U5-32
49156352668052,vgg16
60301996327261,vgg19
15856464066126,U5-64
64945746264753,U5-64
51552216893696,resnet152
71070818645560,resnet101
45402284997495,inception4
28713063850541,U4-128
25782856785806,U5-64
46863755380143,vgg11
66470866382899,U5-64
79132546050513,vgg19
5058263743230,U3-64
33309805818215,inception4
81396939847323,U4-64
59333770960617,vgg16
28101891201407,vgg19
63593288667807,U3-64
64819042610796,vgg16
6471803447287,inception3
40251483627666,U4-64
3412131683628,inception4
73633951382597,inception3
67584684967348,resnet101_v2
34093148536495,vgg19
42358108188275,U4-64
6271028336072,U4-32
37869696303497,vgg16
32159162442359,vgg11
77701606955782,U5-64
72022764819498,U5-128
68019008242505,resnet152_v2
87589272852139,vgg16
165239464944,vgg19
16817697873959,resnet101_v2
25825324412714,U5-128
44588531083029,U4-64
33348062252407,U5-32
1912527379579,inception3
60758433513285,U4-128
32698608930116,inception3
74682120553434,resnet50
48701147671403,inception3
20592797437811,inception4
2361668131018,resnet152_v2
36958644149732,U3-128
83713610520806,inception3
63609340612346,U4-64
53512654935447,inception4
2728109312077,vgg11
82477479783409,inception4
63551321690515,U5-32
8521056603685,U3-32
23396085007764,U5-32
6817665544052,U5-64
4824708413382,U4-32
31943534557034,U4-32
37029738505877,vgg16
13225285801065,vgg11
19644872350137,vgg16
58179580406437,vgg11
43590448653210,U5-64
29591084187396,U5-64
65243748580442,vgg16
89197684034326,inception3
59688441558933,inception3
90688022909290,U5-128
59855149115354,vgg16
11024174384489,U5-64
53445069173810,vgg19
74807144359056,U4-128
35086241302151,U5-32
25950989981383,vgg11
79153689358323,inception4
20383297427395,U3-32
58147104385519,U3-32
40933837483564,inception3
2462757021914,vgg11
51484524105018,resnet50
53828561472667,U3-64
16102274455083,U3-32
48631167895116,vgg11
85603559737982,resnet50
92130707967966,U5-64
70474410875974,U4-64
88668062780324,vgg11
26584610924094,U5-128
20442970946380,U3-64
87282841216210,U5-64
1734501085422,U3-32
46836613236395,inception4
29475402716691,U5-32
88497423272758,resnet152_v2
11607737504172,U5-128
7199619598553,resnet152_v2
43583992611954,resnet50
70952206746662,U4-32
23399732164157,resnet50
13328818433455,resnet50_v1.5
36423411784775,vgg19
57276216039243,vgg11
73595026091291,vgg16
16775211574771,inception4
41045867870140,inception3
59461049688611,U3-128
1301765423032,vgg19
60593168283883,inception4
76166959911347,U3-32
19132651703043,U4-128
48697317966758,resnet50_v1.5
34358702421999,inception3
59030654331752,U5-128
34829930355231,U5-32
3717817204413,U3-128
12786097888600,U3-32
31360445131361,resnet101_v2
36763718995285,resnet101
10979245150330,U3-64
86974922473312,U3-32
15155562477860,U5-128
7365026913267,resnet50
48470370060656,U3-64
2188491268490,resnet152
85015350516416,U4-128
83316442139866,vgg19
74775672591500,resnet50
44241877690431,U3-64
59405399696057,vgg16
39196088873222,U5-64
13930031289702,U5-64
87456057390750,U3-64
87344985478852,resnet101_v2
85321786729638,U4-128
35033861562750,U5-32
77145241434456,inception4
10806827658601,vgg11
26676028180123,U4-32
74592833492352,vgg16
80976035434176,vgg11
42547084587425,vgg11
88529219900383,vgg16
14968016512520,U4-64
55412148276765,U4-32
87160316274439,U4-128
2303860122039,inception3
21937924463107,U3-32
70736105721053,resnet152_v2
62651904293819,vgg19
8370909980721,U3-128
77332755303945,U4-64
19841126289467,inception4
48510612336879,vgg19
46095341718174,U4-64
54868438138819,inception3
90639169396778,vgg19
89404726145922,inception3
90098089549000,U4-128
68681139033714,inception3
61080436322900,vgg19
58655866622917,U3-64
15353874175204,U4-32
38105863569906,U5-32
33147511443442,inception3
84196957775685,U4-64
59802745363395,vgg19
47138906609251,U5-64
51544688375357,resnet101
72902409633667,resnet50
55577041368824,U5-64
26246036747886,U4-32
9347110911747,inception4
76842340993393,U3-64
47243423539446,U3-64
47644698811314,U5-64
56071420620075,U3-128
9310426662538,U3-32
85959315640662,U3-128
48208739509740,vgg11
66517603233436,resnet101
66681901843515,U3-128
27994736689799,U3-64
4894451900846,U5-32
3902986109559,U5-64
54787527072319,U4-128
62860858618437,U3-32
10196963725707,U4-64
20571202675986,resnet152
34686417047333,resnet50_v1.5
35454078696335,U5-32
33469341303472,vgg11
37002894736815,inception3
63625987078040,vgg19
32865660538413,vgg16
72356763042544,inception4
11723077299001,U5-32
19057975496348,U4-128
42424755504939,inception3
83134202733009,inception4
65197717093584,U4-32
57174008142780,U3-128
40733215778233,vgg19
64279315316015,resnet152_v2
76758233388165,U5-128
50086184075545,U3-128
59727535915911,U3-32
30927299534289,inception4
5213728886462,vgg19
51676891004724,U3-32
58433114066894,inception4
33140880204237,U3-32
32035363014561,resnet101
65279788639227,U4-64
53153669082371,resnet152_v2
23303481248643,inception4
26247189320818,U4-64
20520091577875,U5-128
45084650865281,resnet101
80566435996391,inception4
25293568968541,resnet101_v2
85295226576064,vgg16
76267035408650,U5-32
18956482140054,vgg19
25053322937516,U4-128
90682273520669,U5-64
91463626434538,vgg11
28605683388202,U4-64
15877995115685,inception4
34862885718170,resnet50_v1.5
60489337719855,U4-128
90442931502580,resnet101
9139205572787,vgg19
82029146401499,resnet101_v2
43627415998636,inception3
5225407051109,vgg19
1905845821860,U3-64
13868654872730,resnet50_v1.5
9736506705794,U4-32
30700698684076,vgg11
9808120498795,U4-32
68563337686184,U4-128
92474349531,U4-64
5919416952372,vgg11
57650296217480,inception4
16082016808101,U5-32
13296614245176,U5-32
46872822643685,resnet152
43619723490847,resnet101_v2
29781797645996,U4-64
45072815758864,vgg19
4928792631376,U3-128
42799683937683,U3-128
60247623555008,U5-32
62089221994855,U3-64
13594726800997,U3-128
48669935720414,vgg16
10756242147561,U3-128
68148603929752,vgg11
68961282169476,inception3
12112452958882,U4-128
2570561968793,U4-64
35241407908821,resnet50
19266800108284,U4-64
23228192799627,vgg11
48584855613753,U4-32
53549242019121,U4-64
85922674257753,U4-128
7614866123849,inception4
73822803264670,U5-64
49970875639949,vgg19
18403433616093,U5-128
17003737342303,vgg16
32587184300318,U5-128
70710110708748,vgg19
10036489881777,U3-64
17145274537578,U4-64
59275419761131,resnet50_v1.5
43259333004450,U5-32
87738304335405,vgg16
65944704028661,U3-128
4315008632242,resnet101
16165275963595,vgg11
30527883864294,vgg19
38326884437605,U5-32
74143690802432,U5-32
24788856718071,resnet50
38572114883328,vgg16
40427713379855,U4-128
75884890852677,U3-128
27189927419097,resnet152_v2
3167986040183,U5-64
52269526095923,U4-128
40055280885262,U4-64
609266631605,U5-64
55594196687304,U3-64
44895165754023,inception4
90685950309245,U3-32
20250817716004,U3-32
31428652593053,U5-128
52848012922232,vgg19
91735166906140,U5-32
13331777401979,U3-32
38662328996702,U5-32
16711055294589,inception3
54233701240846,inception4
8835225905106,resnet50
10264337395378,vgg19
77352078269504,resnet50
66375311329403,vgg11
7791766478146,U4-64
20924628006079,resnet50
68014415387579,U3-32
76037067034057,resnet152_v2
11454774246768,U4-32
46586191234980,U4-32
70137789838806,U5-64
14190944569798,resnet50
9114273559837,U5-32
74223029401067,inception3
78006318530253,resnet50
69433390555889,U5-128
59124442524662,U4-32
1397301481090,vgg16
77954744237928,U5-32
41842175665133,vgg19
57410036046451,vgg19
65401950077534,U4-32
15544657189457,U3-32
18777526154153,inception3
85267961765086,U3-128
65895996462526,U4-128
78567493018915,U5-32
75570257410345,U5-128
71385771775239,U4-64
12259649057838,U5-64
27924727138990,inception4
57920814660990,U4-64
64234879116592,vgg11
90695669674215,resnet50
61756681814655,vgg19
71666342196196,U4-64
65465971004996,U5-32
61142245450611,inception4
82819844080759,U5-32
18069283249589,U3-64
57605408700424,vgg11
62044979591531,U3-64
3611705248392,vgg16
27370466188241,U4-128
47831134868694,U5-64
33201422169415,U4-32
9434180904573,U5-32
52970317200268,U5-32
74351299004812,U3-32
80369538726812,U5-128
9734628547732,resnet50_v1.5
91439232291686,U5-64
87584327577373,U4-128
77940721273575,U4-64
9158710518843,U3-64
29115405114597,U4-64
61744980006829,inception3
73884414020937,vgg19
38242981313140,U5-128
247405331981,resnet50
32264567735137,inception4
30451420095529,resnet152_v2
10940000969379,U3-128
18948716858724,U3-32
16179246329714,U5-128
29485915593577,U5-128
35993532272036,resnet101
88207075913824,U5-128
3055196760815,inception3
66131478267046,vgg11
85325406787829,U3-32
70659203389177,U5-128
53326654764540,U3-128
2332813969839,resnet152_v2
65109117836198,vgg19
85089185738719,vgg19
42978538849394,resnet152_v2
44880267562384,U5-64
30545611063805,U4-32
66179249448152,U3-64
78909698116713,vgg11
41979836955747,U5-64
5990203172638,resnet50
18752176119861,U4-32
91802840861501,vgg19
68950207613720,resnet101_v2
52465667055049,U4-64
91946054947263,U5-128
7372259421889,U3-128
59448443194070,U4-32
88338253971990,resnet50
88318594312739,vgg11
28857031201809,U5-128
88117453246193,U3-32
66666190579888,U4-32
75476032637366,U5-64
86948718881156,inception3
43461649120577,resnet101
54003621477138,U3-64
7479371189046,vgg11
66229063913723,resnet50
29105436477573,resnet50
53406188145038,inception3
81541100067990,resnet50_v1.5
62104276337206,U3-32
46002651523195,U4-64
38389089635763,U4-32
7134258636151,vgg11
62398554403623,U3-128
84430773595469,U3-64
84595164804157,U5-128
10049518160260,U5-128
13228233255776,U3-32
81317463422072,vgg11
27103988667920,U5-64
46733723803380,inception4
57289994736250,inception3
26196320508113,vgg11
11004466459647,U5-64
47788536302229,U4-128
72736515268804,U4-32
59413768313574,vgg19
25769893347138,vgg16
41154476052020,vgg11
64125161323442,U3-128
50071244191685,inception4
50161332741829,inception3
15720858631354,inception4
22683138101851,U4-128
51277270017492,U3-32
88193845021095,inception3
70782404126720,inception3
68305175617643,U4-64
15631132814357,resnet101_v2
34733402391881,resnet152_v2
76806643878593,vgg19
20748245764729,U5-128
18693202575082,U3-64
5787058459105,U3-64
69810507261029,U4-64
81139454700021,U3-32
89737677546333,inception4
41941353323582,U5-64
88323239378053,U5-64
31582322667421,U3-128
73861724425098,U4-32
52217412162381,U4-32
3824702198264,U4-64
69298173288997,U5-128
80873534651966,inception4
40176657853787,U4-64
69064736913134,inception3
79509712916204,vgg19
29642854820787,U4-32
24211366430174,U5-128
24981748386353,vgg16
30772724457732,U3-128
22388051329946,inception4
80708895996739,U5-64
69608290820071,U3-64
23079359424281,vgg19
66085007461637,vgg11
36630430991892,inception4
17742149855675,U4-32
52840030343649,inception4
45193384365312,U3-64
49430970960043,vgg19
71189966383509,U3-32
44107681558800,resnet152
19141009865075,U4-128
552969155977,U3-128
21166881360137,resnet152_v2
43677324193176,vgg19
53423312287349,U5-32
57587932356947,U3-32
45133074861141,resnet152_v2
27310860494842,U5-128
43904724713541,resnet101_v2
42959427016138,resnet50
61773001473446,inception3
77775161181422,resnet152_v2
31326363939756,U3-128
57513528177495,U4-32
72738467843856,vgg16
64476636327858,resnet50
87172324296126,U5-32
32930296808776,U4-64
89292243557115,inception4
78032289476218,resnet152
9481065906349,resnet152_v2
70250019659496,resnet101
56907875204234,inception3
54599849969130,inception4
21624292191664,inception4
72197526992100,U3-64
54203465241213,vgg16
10928220910059,U5-64
88500914599887,inception3
48725085245189,vgg11
47686241260490,U3-32
3242422289097,vgg16
14063125007364,inception3
35981812745410,U5-128
89879358392451,U4-32
53627165140587,vgg11
82934781196270,U5-32
87598589857120,resnet101_v2
42183701661333,resnet152_v2
29430500745215,U4-128
66740494112571,U4-64
37887560692119,U3-128
8733431909900,U5-32
13144539955235,U4-32
77520685361357,vgg11
59850216306828,U4-128
46464491355020,U5-32
21243308854360,inception4
70770082151215,inception4
67134066231254,U4-128
9876362506229,vgg16
82389824908080,U5-64
80584980068168,resnet152
67125805030732,U4-128
84116220820945,resnet152
79293427083080,U5-128
31236948495076,resnet50_v1.5
37212546688193,vgg16
81798055158941,inception4
26185465701982,resnet152
54386775215161,U5-64
50410113036345,inception3
81653252545973,resnet152_v2
86170919872903,U4-128
69541696285114,resnet50_v1.5
88617574536316,U3-128
74768030206939,U3-128
71551448569217,vgg16
24321517004126,U5-128
19918124075421,vgg16
62297135714081,U3-64
72849696521545,U5-32
6816757623173,inception4
82528182162580,U3-64
72210841897486,vgg19
83213362550537,U4-128
15648328081480,U3-128
29193429266613,U5-128
45149179472799,vgg16
33948405453628,vgg11
12377038147170,resnet50
85714494089232,U4-32
51825533751336,U3-32
84422133635075,U4-64
9230450558194,U3-128
56749474909140,resnet50
60332466151474,U4-64
64438425622809,resnet50_v1.5
40282934175382,resnet101_v2
50065568354105,inception4
54985309919631,U4-32
33926686780007,U5-64
12657143383484,U4-64
68707073548849,U4-128
29323968490274,U5-128
77222400365329,inception4
61216217189165,inception3
72458237829146,vgg16
77134041468573,U3-64
16172856247615,vgg11
47486468425472,U3-32
38755040853347,resnet50_v1.5
12963784416485,inception4
73422083826265,vgg11
6746962162754,resnet101
66935650673812,U4-128
88492698280953,inception3
16803356881466,U3-128
73863839880643,inception4
10927680614247,vgg16
29505333527921,U4-64
66119856206673,inception4
56259166728899,U4-64
75040807176234,U5-64
91603669681590,U5-64
6767042244938,inception4
83321197736162,U5-64
23686420064956,resnet152_v2
41031149357497,inception4
79530792079592,U5-32
56762215783256,U3-128
38512807296879,inception4
22799854250881,vgg16
11792281398203,vgg19
5742651158092,U5-32
70385001297747,U4-32
68205040943410,resnet50_v1.5
41022292369720,U3-32
17443482728525,U5-128
67430278278304,U3-128
23799851333110,U3-64
26870334205256,resnet101_v2
62038984039312,inception3
39073374784581,U4-64
18201314789082,inception3
85066769610896,inception3
58283448324183,inception3
61800877774895,U5-128
70669738301697,U5-64
45644500066380,U4-32
47555607404224,vgg19
30384514257107,U5-64
71758242913411,U4-64
19353224369735,U5-128
68691726857641,inception4
4074022319779,U4-32
32938122902000,U5-64
66903363121505,U4-128
17951359074475,U3-64
58262538394865,U5-64
70678690078606,vgg11
88305723956819,inception4
13478632491253,U4-32
2135699784161,inception3
85824126748122,U3-128
78815963824926,resnet152_v2
38409305885714,vgg19
2759986725115,inception4
3124731017640,inception4
25927287186207,inception4
39887031065212,U3-32
89887585331709,vgg11
53068932687292,U3-128
3055102399362,U5-64
61205413718814,U5-64
81650953105630,resnet101
28628884224526,U3-128
53232939796581,inception4
29911267227791,U4-128
355993399255,resnet50_v1.5
13380948563488,resnet101_v2
55978088123381,U3-32
85457588048601,U4-32
40984183165464,vgg16
8332818674743,inception4
49240740961302,vgg16
24911888127169,vgg11
62555446409588,U5-64
43343593267756,resnet50_v1.5
74687625623750,vgg11
23057558973783,inception4
21655672812637,inception3
7795178591762,inception3
88153622678327,U5-64
26455746833184,U5-32
21629281104208,U5-64
88381603288665,U3-64
5711101113966,U3-64
30010382254632,U5-32
56870291398041,resnet152_v2
13544351058726,U3-128
58923190924831,inception3
40830795948698,U4-128
31279513852190,U3-64
33869169155181,vgg16
43732931387791,resnet101_v2
59581259393500,U3-128
19907142009487,U3-32
34790328718976,U4-32
76156556789794,U4-128
25714836856687,U3-64
69030330723969,inception3
20362593647388,U5-128
4794287263371,U3-128
71192509775024,resnet152_v2
12855806608496,U4-128
75036935537371,U4-64
7006916431177,U3-32
87805740627296,vgg11
11887426389368,inception4
17064294778254,U4-32
15686136331649,inception4
84980170885930,resnet152
90583433260959,U5-64
51892674344008,U5-64
91784080703599,vgg11
18308760986239,resnet50_v1.5
6181090853414,U3-64
48813749497340,resnet50
22924099189795,U5-128
77250031624704,U4-64
34792266236841,U3-32
45060430028328,U3-64
3419101415399,inception4
30017664911489,inception4
73086981170006,vgg19
6688897006318,U4-64
77072676052465,U4-32
2599719448057,inception4
74390236330420,vgg16
36102184082790,inception3
71600808508890,U4-64
25246627958730,U4-64
35154101197518,inception4
88738584225915,vgg11
76404665964968,inception3
64938620819035,U5-32
68008081891209,inception3
39755772467565,U3-128
48149603745148,vgg11
48271152294154,vgg11
48069143890543,U5-64
75129572761601,U3-32
31091963887103,inception4
32298989561766,vgg19
24318873827924,vgg11
55530827477617,inception4
78913329997696,U5-128
11012819189530,U3-32
74550952285181,U4-64
91518230975850,U3-64
76203301607476,inception3
12646873301456,U4-64
76122209249758,vgg11
79150710837269,U4-32
10181249425800,U4-64
11773730454134,U4-128
1059916241808,U3-128
75043891180440,resnet152
42324485982363,vgg19
33415282866783,inception3
70397015147639,U3-128
90964626345545,U3-32
35862522151562,U3-64
9588192115571,inception4
78188574311903,vgg11
13724083248085,U4-64
26732957217581,U5-128
20225894739907,U3-64
12470737836847,U3-32
78830619275875,vgg16
11984503488669,U3-128
55788973536832,resnet101
36025729953623,inception3
79290642301195,resnet50_v1.5
18365616116108,U5-128
54946265291935,U3-32
81107849233962,U5-64
18242747496687,U5-32
57134372464982,U4-64
33598092579673,U4-64
17051046058332,vgg11
45204587742565,vgg19
55642199834009,U3-128
53380895654582,U5-32
501935063082,U4-64
15884468630924,vgg19
26897218115222,U3-128
46828620800529,U3-32
1565287780989,resnet50
48581611711762,U5-32
45349640262711,U4-64
75819090570454,inception4
25948698565436,inception4
85192364232036,U5-128
43185105403235,vgg11
20964010323856,resnet50
47532639697739,U5-64
33783537870137,resnet50_v1.5
36921348026233,resnet152
75330163740751,vgg19
56333638180656,U4-32
91698251579698,U3-64
28559287512632,U3-32
92039637751242,U5-64
64981191278940,U3-64
1864191813774,vgg19
74424899057054,resnet50
29972110431546,vgg11
9590591272162,U3-32
36152790487965,U3-64
86610449554112,inception3
61999926137442,U4-64
43318810700116,U5-128
89830552144128,vgg16
92093132796191,inception4
73628814348226,inception4
8670221213335,U5-64
2485245022538,resnet50
39029516417216,U5-32
61019343410157,U5-32
57181538131175,vgg16
60205780550877,vgg16
89347374934753,vgg16
33056557390336,U4-64
60541449972961,U3-64
25713459161743,U3-128
43924833892114,vgg16
82405576799827,U3-64
90940872018685,U3-32
80516451229200,U5-128
17647128079248,U5-32
85994921214412,resnet50_v1.5
83815752573474,U3-64
42097288256695,inception3
66785200314653,inception3
44135761138870,resnet101
32533256714504,U3-64
72511277838303,U3-128
82057160338905,resnet101_v2
8766940065340,U3-64
9846200410257,U3-32
49956512455655,U5-128
44301006117839,resnet101_v2
73680671989720,U5-32
6095421104287,vgg11
1647518644488,vgg19
38242735530709,vgg16
49965873167665,U3-64
89335828809885,U4-64
15444583752036,inception3
22187612498871,U5-128
954547266499,U3-128
37784636928876,U5-128
29891506037946,inception4
16061854584790,U4-64
29891727720145,inception3
51409482143562,U5-32
14186682143931,inception4
47166503734310,U4-128
42790316779369,U4-128
22276989260928,U4-64
39226518871676,U4-32
68319837176434,U4-128
79802915867628,U4-128
58850587649745,U4-128
16045756853190,U3-128
49931301798612,inception3
24854713891362,U5-32
22905477305163,U3-64
34551073504744,U4-128
36642746479656,resnet50_v1.5
70653474168967,inception3
72533750715967,U3-128
66274598987997,U4-128
32184011928380,U3-128
17307348837230,U4-128
4437245492349,vgg11
55796756251491,inception4
19407488216940,vgg11
31944747250830,U3-64
67923133725394,U5-128
30993326247757,resnet50
76612838079368,U3-32
22693491531198,U5-64
31738490646508,inception4
78712839237865,resnet152
78398905098339,U5-32
22917175448708,resnet152_v2
17241551093875,U3-128
4577560482580,U4-64
25528086626691,vgg11
6011837356928,U4-32
74650601558949,vgg19
55227081433445,U3-128
71425452593364,U4-64
54054024826888,U3-64
44646358874643,U3-128
71358483906063,vgg11
24402944867552,vgg11
91695092302499,U5-64
79944561413498,U4-64
60536100225253,U3-64
32321787299591,U4-32
62714586088533,vgg16
16511492670081,inception3
3334094986297,U4-64
19319888660929,U4-32
83438630192860,U5-32
52140916097514,U3-128
9729018528767,inception4
19300635184570,U5-32
46612839505258,U4-32
5530635973094,U4-128
35405801121306,U4-128
58575412272137,inception4
91770965931149,U3-64
40666753768892,inception3
6659873823597,resnet50
54250530620776,vgg16
87910236503621,inception4
58902432567344,vgg11
70108900277344,U5-64
64016146555151,resnet101
55264145547313,resnet50
67437503998940,resnet50
58648985555122,vgg19
47357235834962,inception3
46356014728969,U5-64
3063043595250,inception3
56266792320914,U3-32
73290899118801,vgg19
37608023300737,U3-64
17654129433375,U4-64
18858770565646,inception3
13920097156749,U5-32
36094508600783,U5-128
53218329677743,U4-32
71375327880715,vgg19
86186867499257,U3-64
64518575314680,inception3
24460428808748,resnet50
69569227976607,U4-32
88019657009274,vgg11
70892798137434,resnet152
40790250925951,inception4
26316675509188,U5-32
81676428005353,vgg16
10612452483078,inception4
36402861154810,U4-32
21612326472888,inception3
31178804347646,U4-64
42415381888782,U3-128
42107671536600,U5-128
92093185107010,vgg16
69311504015044,U4-128
89184918036654,U5-32
49911080290570,U4-128
54383588409579,U4-32
14246963080504,vgg16
57138205356982,vgg19
63211377110234,vgg11
36491147072542,U3-32
18170216283685,U4-32
62954215765614,inception4
76905477813543,U5-64
48325770592151,resnet50_v1.5
8062646133916,U5-128
40748187212413,inception3
85538593820133,resnet152_v2
5650105580220,inception4
73724961670232,inception4
10711518007159,U3-128
28467054197391,vgg19
65486646660536,U4-32
4234688010085,U5-128
73757670554338,U3-64
21369556360087,U4-32
8659071194226,vgg11
24950726661682,vgg16
11197143027102,U4-128
80346923066920,U5-128
63894637964332,U3-32
57956674462928,inception4
33403401778558,vgg11
91004700545127,inception3
38596192451856,resnet50_v1.5
80810689109361,vgg19
72792034790156,U4-64
76789801229574,resnet50
66358941620052,inception4
65070338338114,inception4
64144622882217,inception3
19999345173835,U5-64
73148169688388,vgg16
87776885728064,vgg11
26127241126677,U3-128
17250359775816,U5-64
65661347056476,U5-64
57824917339674,vgg19
45417300003296,U4-128
67269216208471,inception3
46909168395175,inception3
79560792812954,U3-64
29770494582122,inception4
25944755271928,U3-128
35551627234389,U4-128
64854025488892,resnet50_v1.5
71535336555574,vgg11
57409873137139,U5-128
34330231563485,U4-128
49745290522560,inception4
88636134708953,inception4
15560379340148,U3-32
59337672478722,U4-32
13623128684768,U4-64
62060067636785,U5-64
89286364252270,resnet101
19124611405630,vgg19
57919290595729,inception3
31279295807110,U4-64
72961028064979,inception4
21463920236233,inception3
80225604275286,U3-128
81432901781349,U3-128
32295722661230,U4-32
74914162636867,inception3
19701860921697,inception4
18308236073276,inception4
41756079941438,vgg19
34327752583600,vgg19
90948381295100,resnet101_v2
13592603235654,inception3
27226011639966,inception4
87807487997675,U3-64
77906648054838,resnet50
59079513952739,resnet50
75881550084425,U4-64
76236792670103,inception4
48547304859188,U5-128
21196492198570,vgg11
85205773626014,U4-128
81131623535128,U4-128
6193463265918,U3-128
21201348592678,U3-32
24330073511372,U4-32
81831934710743,U4-64
12177349001149,vgg16
82240337801136,U4-128
32063448667321,vgg19
17951304581604,U5-32
11226147811942,U5-128
41940985853079,U3-64
34972704725271,vgg16
87727093111745,vgg11
4479761871984,inception4
48779119380548,inception3
68591224871003,U4-32
85069755519377,U4-32
39268633981693,U3-128
10647828615629,inception3
79170782881872,vgg19
27396871093630,inception3
24680678996470,U4-64
34186110118885,U5-128
30110865258193,U4-32
33597266006253,U4-64
9363816195518,inception4
39539283796281,inception3
72916051629522,U4-32
82240533480434,U4-128
47901710600990,inception4
48715765064171,inception4
87327088334562,U3-64
70418107895673,resnet50_v1.5
50053950062319,U5-64
1211576939251,U3-64
20207809310286,vgg16
79110831698436,U5-64
1556113608070,resnet50_v1.5
13869130966009,vgg11
85428933762792,U3-64
66147602746408,resnet152
46135637205376,inception3
531177744168,inception4
2377887165227,vgg11
30656402160073,U5-128
9731541575132,U3-64
72943104869134,resnet50
19642582097055,U4-32
87989166733026,U5-32
17776331997312,U3-32
89087268150764,inception4
30072687136830,U3-128
28068507610899,vgg16
8986675716108,inception4
27456429541069,resnet152_v2
8039664821470,vgg19
37646115963784,U5-32
66731997608758,resnet50_v1.5
53498048018284,U4-32
51649770514436,inception3
51346588336572,U3-64
33590125156558,U3-128
24339604472704,U3-128
80929015671197,resnet50_v1.5
41908232700197,U3-32
48601611372817,inception3
47790114998871,vgg11
73143391923441,vgg16
50670109302490,U4-32
41796265480757,vgg11
7694778786909,vgg16
18138580709614,U4-64
16128343011172,vgg19
56927182445216,U4-32
45226693396050,U4-128
42652274238604,U4-64
69034092130471,U3-64
82552154814699,vgg16
613883396003,U4-128
40804705091420,U3-32
53148769231776,U3-32
90805275648889,U3-128
15117739476128,U3-32
63076462378791,U4-64
87467037462381,U4-128
74911124005022,U4-64
86526275218064,vgg19
35379026694645,vgg11
22519002811963,vgg19
40319072028941,vgg19
17965557339864,U4-64
26034608292755,vgg19
80662115402301,U5-64
33538300816808,U3-64
36816413932929,vgg16
25414177260557,U4-128
89149208078443,resnet101_v2
16420804149540,U3-64
45107469933965,vgg16
55765202674878,U5-32
37355806375492,U3-32
59446390677745,U4-128
34838534702607,U4-128
29241525970372,inception3
91230464129099,inception4
80373003240081,U4-64
12698252974861,resnet50_v1.5
8715231756511,U4-32
85026224955430,U3-32
82157117680199,resnet101_v2
85260229446820,inception3
9395341182467,U4-128
76551282531315,U5-128
11023187361897,U5-32
87835599743512,U5-32
13357526195973,U3-32
69268577795098,vgg16
35190952014789,inception3
77525449581770,U4-128
84087915725391,U3-32
56773600514641,resnet50
69781702954855,U3-128
24996312007178,resnet101_v2
68245449095645,inception4
42700817889671,U5-64
31247799420145,resnet101_v2
62624565185741,resnet50_v1.5
41532173580511,U5-128
74427335277637,U5-32
87047689489362,U3-32
54098889673169,U3-32
49661812542065,resnet152
48591256736676,inception3
6459593420670,U5-32
26117692075797,U4-128
19610006493738,U4-32
68415340126517,resnet152
86075318751947,inception4
48232331621514,U5-128
67697311560220,U5-32
53010515631562,resnet50_v1.5
13123306395204,U4-32
10385785937911,vgg11
25417044304,U3-32
40883262958809,U3-128
64804945266453,U3-128
17017070303336,resnet50_v1.5
43683903691149,U5-32
67635655945564,U3-32
24211477897546,inception3
25190099891181,vgg16
52387520702057,vgg19
42965224451286,resnet101_v2
68532533919758,U3-128
86987887511758,vgg16
43408654486798,vgg16
76709430221172,U4-64
27457841049404,U4-32
68884838663194,inception3
7192542193763,resnet101_v2
43756833589663,U3-64
32363893380964,U3-32
31163032425452,resnet152
22366582183771,vgg16
55678285727229,resnet50
35410595340122,inception3
14732194762909,U4-64
53325291328644,U3-32
50470253680774,resnet101
84427973268823,U3-64
70155295562066,U3-32
33419922278130,U4-32
26359849741742,resnet50
61342542979111,resnet50_v1.5
48985698360757,U5-128
21543160146131,vgg19
32171168760843,U5-32
91367848921432,U5-32
41932810477342,U4-64
9772653250751,inception4
53440952689104,U3-32
30596442217487,inception4
77964271998539,vgg16
31810002298333,inception4
79426043556661,U3-64
76143646685501,U5-32
72553029849964,U5-32
59783520242669,inception4
18889364809985,inception3
45337190364613,U4-64
87379065586894,resnet50_v1.5
18392854077327,U3-128
23232793841603,U3-64
90923892599536,inception4
70698808437819,U5-64
91522851123070,inception4
3058871094195,inception3
88333031198917,U4-128
82534598035408,vgg19
7195398171075,resnet152_v2
10253726705679,vgg19
36359576939179,vgg11
88976520521778,vgg11
68512683540483,U3-64
83096989064089,inception4
46001985988768,U4-128
23005343516226,inception4
38602311256517,U3-128
61782264095494,vgg11
10538242258546,U4-64
43821881575099,inception3
62399224458567,U3-32
45676125788001,U3-64
59464190077432,inception3
85287509909004,U4-128
49390387303660,resnet101
52664405610806,U4-64
49664487528211,vgg16
21231778879658,U4-64
23096523647336,U4-32
9432302196422,U3-32
41470490966247,inception3
85820148186131,U5-64
56026022531577,vgg11
44457025242641,resnet50_v1.5
53841053992097,U5-128
40361598668099,vgg16
491748096454,U3-64
33800383973526,vgg19
39009593616280,U5-32
80955782800335,U5-64
4481610258729,U4-32
79464728157892,vgg19
54307606501489,U5-64
3285417367264,U3-32
24649967882275,resnet152_v2
4553620231381,vgg16
77338223025092,vgg16
71520039171716,resnet101
60979364940451,U5-64
60256893138546,vgg11
62283915967086,U3-32
31651718228103,resnet101_v2
45919558089497,inception3
29440016975185,U4-32
65637637487209,vgg16
38455462129538,U4-128
47081635364497,inception3
42480166254881,U5-64
89872876357906,resnet101
26050135217835,resnet152_v2
26564948307585,U5-32
46036455939727,U3-64
14462551693236,U4-64
79830702527538,U3-64
25479629446849,resnet152_v2
32800559994920,inception3
47790986568114,resnet152
37294779718501,U3-128
37280196349358,inception4
47670738368603,U4-32
62504647031457,inception4
82875325605681,U4-128
50820157515280,U5-128
88330684299091,U4-64
31178800842162,U4-128
79522734093228,U3-64
82946279328653,U4-64
44781184278693,U4-64
22426381476472,U3-64
35086006716481,U4-32
48461064252736,U5-32
36440233808457,inception4
59779988264214,U5-64
49144220321766,U4-64
67920047035986,U4-128
9668868281807,resnet101
56564859884398,resnet50_v1.5
45735610511802,U3-128
9102650142908,U4-128
24578967538400,U4-64
74636684972411,U3-64
44120625252909,inception3
50235961089928,vgg19
12332372660253,vgg16
48692736271538,resnet101_v2
91724055679029,U3-64
42163795999155,vgg19
24746254672464,vgg19
18112851180469,U3-32
68415898260899,vgg19
74387903102790,vgg19
90745352375672,inception4
28426016247648,U5-32
62217858277501,resnet152_v2
7592448886337,U5-128
48427053431585,U3-64
19902126170744,U3-32
82540430644929,U5-64
